Date,Close/Last,Volume,Open,High,Low
10/14/2025,$299.00 ,17346190,$303.57 ,$304.42 ,$291.98
10/13/2025,$308.01 ,21703730,$298.70 ,$310.70 ,$297.74
10/10/2025,$292.96 ,28895340,$300.28 ,$307.72 ,$292.01
10/9/2025,$296.96 ,26479830,$291.55 ,$300.97 ,$287.26
10/8/2025,$288.63 ,18982120,$285.42 ,$291.53 ,$283.60
10/7/2025,$284.24 ,31723380,$293.22 ,$293.22 ,$271.00
10/6/2025,$291.59 ,14076800,$292.38 ,$296.68 ,$290.80
10/3/2025,$286.14 ,13688410,$289.60 ,$294.64 ,$284.00
10/2/2025,$288.78 ,16215460,$291.80 ,$294.97 ,$286.05
10/1/2025,$289.01 ,23378320,$278.80 ,$289.99 ,$277.88
9/30/2025,$281.24 ,23880810,$283.69 ,$284.00 ,$275.90
9/29/2025,$282.76 ,25778510,$284.60 ,$285.98 ,$279.61
9/26/2025,$283.46 ,25990690,$293.00 ,$294.00 ,$283.00
9/25/2025,$291.33 ,39274880,$295.27 ,$298.75 ,$288.55
9/24/2025,$308.46 ,33765280,$311.86 ,$312.47 ,$300.03
9/23/2025,$313.83 ,35280200,$324.00 ,$325.00 ,$310.05
9/22/2025,$328.15 ,44437550,$309.63 ,$329.50 ,$306.92
9/19/2025,$308.66 ,40776200,$299.00 ,$311.11 ,$297.32
9/18/2025,$296.62 ,24673120,$303.04 ,$303.82 ,$292.00
9/17/2025,$301.41 ,27707950,$307.69 ,$308.66 ,$295.03
9/16/2025,$306.65 ,51923270,$314.06 ,$319.97 ,$302.27
9/15/2025,$302.14 ,40004000,$306.45 ,$307.03 ,$297.29
9/12/2025,$292.18 ,51781910,$305.79 ,$307.97 ,$291.75
9/11/2025,$307.86 ,69986030,$330.34 ,$331.00 ,$304.60
9/10/2025,$328.33 ,131618100,$319.19 ,$345.72 ,$312.09
9/9/2025,$241.51 ,41178700,$239.94 ,$243.49 ,$234.56
9/8/2025,$238.48 ,18803050,$239.89 ,$242.42 ,$235.31
9/5/2025,$232.80 ,15386100,$232.55 ,$234.62 ,$225.89
9/4/2025,$223.00 ,10303070,$222.00 ,$223.57 ,$219.56
9/3/2025,$223.45 ,8900813,$225.90 ,$225.90 ,$221.75
9/2/2025,$225.30 ,10461900,$222.00 ,$225.45 ,$218.79
8/29/2025,$226.13 ,16618640,$237.61 ,$238.22 ,$223.11
8/28/2025,$240.32 ,8691548,$235.54 ,$241.95 ,$235.12
8/27/2025,$235.81 ,5637590,$235.00 ,$236.53 ,$232.68
8/26/2025,$234.21 ,11805200,$235.00 ,$236.91 ,$232.71
8/25/2025,$235.41 ,6308625,$237.35 ,$239.03 ,$235.27
8/22/2025,$236.37 ,9343637,$234.06 ,$238.50 ,$231.46
8/21/2025,$233.16 ,7403128,$233.05 ,$235.92 ,$232.43
8/20/2025,$235.06 ,11256420,$232.18 ,$235.88 ,$228.25
8/19/2025,$234.62 ,16819250,$249.25 ,$249.25 ,$232.23
8/18/2025,$249.07 ,6759921,$246.20 ,$249.16 ,$243.62
8/15/2025,$248.28 ,11553990,$246.92 ,$250.63 ,$242.93
8/14/2025,$244.96 ,10285560,$244.95 ,$248.92 ,$242.57
8/13/2025,$244.18 ,14182080,$257.17 ,$257.67 ,$242.64
8/12/2025,$253.86 ,10001710,$252.58 ,$257.87 ,$251.08
8/11/2025,$252.68 ,9012112,$248.40 ,$254.69 ,$245.56
8/8/2025,$250.05 ,8313278,$250.03 ,$250.89 ,$247.86
8/7/2025,$249.39 ,11954220,$257.71 ,$257.76 ,$246.52
8/6/2025,$256.43 ,9930222,$256.84 ,$256.84 ,$251.72
8/5/2025,$255.67 ,11197290,$255.41 ,$258.49 ,$251.37
8/4/2025,$252.53 ,8614784,$245.90 ,$252.91 ,$245.90
8/1/2025,$244.42 ,12718220,$247.83 ,$248.41 ,$242.00
7/31/2025,$253.77 ,15548730,$255.77 ,$260.87 ,$253.32
7/30/2025,$250.60 ,8441378,$248.64 ,$251.05 ,$245.60
7/29/2025,$249.98 ,8415324,$248.70 ,$253.07 ,$246.59
7/28/2025,$247.71 ,6756775,$246.00 ,$247.78 ,$243.42
7/25/2025,$245.12 ,7149571,$242.34 ,$245.47 ,$241.43
7/24/2025,$242.83 ,8237851,$242.41 ,$244.08 ,$240.56
7/23/2025,$241.90 ,7255797,$239.95 ,$243.42 ,$238.66
7/22/2025,$238.11 ,11380870,$241.98 ,$242.29 ,$235.41
7/21/2025,$243.54 ,7348362,$245.31 ,$246.80 ,$243.24
7/18/2025,$245.45 ,9678072,$248.50 ,$249.68 ,$245.00
7/17/2025,$248.75 ,17631330,$243.34 ,$251.60 ,$242.01
7/16/2025,$241.30 ,12597450,$235.50 ,$241.33 ,$233.19
7/15/2025,$234.96 ,10728800,$232.41 ,$235.60 ,$229.20
7/14/2025,$229.28 ,11336970,$229.45 ,$230.64 ,$225.12
7/11/2025,$230.56 ,10208180,$231.37 ,$234.00 ,$229.87
7/10/2025,$235.00 ,11486350,$239.94 ,$240.06 ,$233.50
7/9/2025,$235.81 ,10871630,$235.51 ,$236.51 ,$232.00
7/8/2025,$234.50 ,20401780,$237.13 ,$241.44 ,$233.19
7/7/2025,$232.26 ,16584270,$235.11 ,$235.25 ,$229.50
7/3/2025,$237.32 ,18441380,$233.22 ,$237.99 ,$231.20
7/2/2025,$229.98 ,22326900,$217.68 ,$231.90 ,$216.72
7/1/2025,$218.96 ,16962200,$219.30 ,$223.17 ,$216.31
6/30/2025,$218.63 ,31844230,$226.50 ,$228.22 ,$218.38
6/27/2025,$210.24 ,14127500,$213.69 ,$214.65 ,$209.96
6/26/2025,$212.82 ,10531110,$212.00 ,$214.42 ,$210.36
6/25/2025,$210.72 ,11804600,$214.94 ,$216.93 ,$210.23
6/24/2025,$215.27 ,19030620,$209.99 ,$216.37 ,$208.55
6/23/2025,$207.04 ,13418390,$205.51 ,$207.27 ,$202.54
6/20/2025,$205.17 ,20879100,$213.35 ,$213.80 ,$204.64
6/18/2025,$210.87 ,15055390,$211.09 ,$214.72 ,$209.57
6/17/2025,$208.18 ,17819160,$210.66 ,$215.88 ,$207.48
6/16/2025,$211.10 ,22665300,$213.20 ,$215.17 ,$209.98
6/13/2025,$215.22 ,53707360,$201.58 ,$216.60 ,$201.20
6/12/2025,$199.86 ,54610000,$189.96 ,$202.49 ,$188.88
6/11/2025,$176.38 ,18002910,$177.55 ,$179.55 ,$176.20
6/10/2025,$177.48 ,11056720,$177.71 ,$177.85 ,$174.28
6/9/2025,$177.15 ,9668911,$174.86 ,$178.72 ,$173.79
6/6/2025,$174.02 ,6833674,$174.00 ,$174.79 ,$172.66
6/5/2025,$171.14 ,7710284,$169.00 ,$172.26 ,$168.76
6/4/2025,$168.10 ,6375793,$169.71 ,$170.48 ,$167.57
6/3/2025,$169.14 ,7155281,$166.80 ,$169.33 ,$166.59
6/2/2025,$166.57 ,7165969,$164.17 ,$167.00 ,$162.60
5/30/2025,$165.53 ,17547860,$163.43 ,$165.75 ,$161.55
5/29/2025,$162.90 ,6995831,$165.00 ,$165.32 ,$161.49
5/28/2025,$163.85 ,8090652,$161.87 ,$164.32 ,$161.28
5/27/2025,$161.91 ,6976813,$159.32 ,$162.40 ,$158.92
5/23/2025,$155.97 ,6527516,$154.99 ,$157.38 ,$154.26
5/22/2025,$157.31 ,7603261,$156.98 ,$159.19 ,$156.82
5/21/2025,$157.18 ,6011038,$158.35 ,$160.90 ,$156.46
5/20/2025,$160.31 ,7576418,$158.63 ,$160.36 ,$157.53
5/19/2025,$159.64 ,10268920,$158.30 ,$161.97 ,$157.83
5/16/2025,$160.49 ,8515458,$160.00 ,$160.84 ,$158.52
5/15/2025,$159.40 ,10169220,$161.36 ,$161.74 ,$158.91
5/14/2025,$162.95 ,7499392,$162.36 ,$163.41 ,$161.06
5/13/2025,$162.27 ,11955160,$158.22 ,$163.22 ,$157.57
5/12/2025,$157.22 ,7875461,$156.31 ,$157.43 ,$154.42
5/9/2025,$150.34 ,4707130,$150.04 ,$151.80 ,$149.79
5/8/2025,$150.30 ,6113612,$149.05 ,$151.81 ,$148.61
5/7/2025,$149.37 ,6051937,$147.50 ,$149.90 ,$147.24
5/6/2025,$147.70 ,5108595,$146.98 ,$148.94 ,$145.72
5/5/2025,$149.29 ,5187449,$149.44 ,$150.82 ,$148.52
5/2/2025,$150.73 ,11345980,$148.33 ,$153.06 ,$148.33
5/1/2025,$145.49 ,11525750,$146.56 ,$148.64 ,$145.34
4/30/2025,$140.72 ,9443538,$138.48 ,$141.30 ,$135.57
4/29/2025,$140.79 ,4851458,$139.81 ,$141.16 ,$139.55
4/28/2025,$140.14 ,6985102,$139.65 ,$140.67 ,$138.08
4/25/2025,$138.49 ,5476378,$137.49 ,$139.00 ,$136.76
4/24/2025,$137.51 ,7305887,$132.51 ,$137.86 ,$132.00
4/23/2025,$131.40 ,9528873,$134.91 ,$135.87 ,$130.99
4/22/2025,$127.24 ,11233700,$124.50 ,$127.99 ,$123.39
4/21/2025,$122.82 ,12201230,$126.89 ,$127.20 ,$121.24
4/17/2025,$128.62 ,8925522,$130.90 ,$131.30 ,$128.44
4/16/2025,$129.76 ,8295176,$132.28 ,$132.54 ,$127.85
4/15/2025,$133.94 ,8629959,$134.76 ,$136.48 ,$133.72
4/14/2025,$134.64 ,8217740,$136.80 ,$136.80 ,$132.87
4/11/2025,$132.35 ,10190180,$132.11 ,$133.00 ,$128.84
4/10/2025,$133.35 ,12401560,$136.65 ,$136.65 ,$129.26
4/9/2025,$139.69 ,17761990,$123.40 ,$140.59 ,$123.40
4/8/2025,$124.50 ,11950280,$132.54 ,$132.99 ,$121.70
4/7/2025,$127.16 ,19482650,$118.86 ,$134.11 ,$118.86
4/4/2025,$128.27 ,14986860,$132.91 ,$133.82 ,$126.95
4/3/2025,$137.23 ,14433770,$139.25 ,$141.40 ,$136.64
4/2/2025,$145.86 ,11594430,$139.86 ,$147.89 ,$139.86
4/1/2025,$141.94 ,9518457,$139.76 ,$143.25 ,$138.76
3/31/2025,$139.81 ,15509920,$138.64 ,$140.59 ,$136.76
3/28/2025,$140.87 ,13144490,$143.78 ,$145.65 ,$139.11
3/27/2025,$145.78 ,9148321,$145.85 ,$147.04 ,$144.92
3/26/2025,$147.80 ,13222520,$152.89 ,$153.03 ,$146.56
3/25/2025,$153.93 ,8521249,$154.51 ,$155.60 ,$153.05
3/24/2025,$154.87 ,7848332,$156.34 ,$156.61 ,$154.03
3/21/2025,$152.23 ,17620220,$151.65 ,$153.84 ,$150.11
3/20/2025,$152.72 ,7051615,$151.58 ,$154.49 ,$150.82
3/19/2025,$152.45 ,6909504,$150.06 ,$154.07 ,$150.00
3/18/2025,$149.45 ,9402508,$152.37 ,$152.42 ,$148.63
3/17/2025,$154.01 ,9884994,$150.40 ,$155.75 ,$150.40
3/14/2025,$149.27 ,9329964,$148.92 ,$150.88 ,$147.88
3/13/2025,$147.66 ,14187660,$149.79 ,$150.17 ,$145.48
3/12/2025,$150.89 ,15373850,$146.23 ,$152.23 ,$145.01
3/11/2025,$144.18 ,27200230,$143.42 ,$145.78 ,$137.70
3/10/2025,$148.79 ,21486050,$150.53 ,$152.52 ,$146.80
3/7/2025,$155.16 ,12646490,$150.62 ,$156.48 ,$148.50
3/6/2025,$150.94 ,12321250,$157.16 ,$157.16 ,$149.73
3/5/2025,$161.56 ,7140996,$158.06 ,$162.49 ,$157.05
3/4/2025,$157.47 ,13171900,$159.22 ,$159.76 ,$153.52
3/3/2025,$162.02 ,8081840,$166.95 ,$167.12 ,$161.13
2/28/2025,$166.06 ,12843290,$163.11 ,$166.15 ,$160.81
2/27/2025,$164.76 ,7436810,$173.00 ,$174.86 ,$164.58
2/26/2025,$172.47 ,6915115,$170.98 ,$173.87 ,$169.13
2/25/2025,$168.54 ,8316085,$169.29 ,$170.60 ,$164.44
2/24/2025,$169.96 ,10639050,$173.57 ,$174.17 ,$164.66
2/21/2025,$167.81 ,9713871,$176.12 ,$176.88 ,$167.55
2/20/2025,$176.00 ,8737035,$179.81 ,$180.27 ,$174.43
2/19/2025,$181.52 ,8688500,$178.58 ,$181.68 ,$175.70
2/18/2025,$179.80 ,11430500,$176.75 ,$182.24 ,$176.09
2/14/2025,$174.16 ,7260851,$174.25 ,$175.03 ,$172.81
2/13/2025,$173.86 ,6421673,$173.00 ,$174.38 ,$172.10
2/12/2025,$172.22 ,7454841,$174.89 ,$174.89 ,$170.71
2/11/2025,$177.19 ,6528766,$177.62 ,$179.12 ,$176.45
2/10/2025,$178.92 ,7625900,$176.00 ,$179.99 ,$174.92
2/7/2025,$174.46 ,9991297,$175.00 ,$177.39 ,$173.18
2/6/2025,$172.35 ,7036908,$173.00 ,$175.65 ,$171.57
2/5/2025,$171.66 ,7866650,$168.99 ,$171.89 ,$168.52
2/4/2025,$167.89 ,6776982,$170.40 ,$170.40 ,$166.35
2/3/2025,$168.60 ,8250588,$163.20 ,$169.90 ,$163.20
1/31/2025,$170.06 ,8722470,$170.41 ,$173.00 ,$169.13
1/30/2025,$170.38 ,14981710,$164.78 ,$171.49 ,$164.10
1/29/2025,$162.02 ,9866583,$164.03 ,$164.03 ,$160.01
1/28/2025,$164.00 ,20319300,$162.99 ,$165.83 ,$156.75
1/27/2025,$158.28 ,42201590,$168.90 ,$172.52 ,$152.66
1/24/2025,$183.60 ,12147180,$188.64 ,$189.10 ,$181.87
1/23/2025,$186.47 ,17314650,$181.64 ,$186.57 ,$181.50
1/22/2025,$184.22 ,48028520,$191.51 ,$191.99 ,$180.57
1/21/2025,$172.57 ,30232050,$163.87 ,$173.37 ,$162.75
1/17/2025,$161.03 ,11618280,$161.77 ,$163.16 ,$160.54
1/16/2025,$159.54 ,9210555,$160.15 ,$161.50 ,$158.41
1/15/2025,$158.31 ,10701230,$158.67 ,$159.15 ,$157.26
1/14/2025,$156.31 ,7410242,$156.42 ,$157.25 ,$154.35
1/13/2025,$153.92 ,8828492,$153.74 ,$154.15 ,$152.42
1/10/2025,$154.50 ,13593880,$159.20 ,$159.20 ,$153.92
1/8/2025,$163.14 ,7596214,$162.18 ,$163.98 ,$161.3
1/7/2025,$162.03 ,7712222,$165.58 ,$166.16 ,$161.32
1/6/2025,$165.69 ,6845373,$167.31 ,$168.05 ,$165.19
1/3/2025,$166.32 ,5878052,$166.70 ,$167.20 ,$165.27
1/2/2025,$166.03 ,5365667,$168.52 ,$168.69 ,$164.90
